,Total UL and DL,Dur. (ms),sessions frequency
0,-0.0182660846295845,5.431627782578856,0.04695464897656061
1,-0.00994812547428501,1.3329837218146132,-0.21017583394320533
2,1.2562534539207832,-0.24126535590766804,-0.21835768851112972
3,-1.266658061233181,-0.25382751811357945,-0.22015798369303155
4,0.010122137847893025,-0.05011471511747164,2.807733921251892
5,-0.002853169471605753,-0.41642150865492605,-0.23255607656813318
