,Average RTT,Average TCP,Average throughput
0,0.7501157584405419,-0.5060498074644912,-0.7444223590918376
1,-1.2307012850391013,0.8276375158336392,-0.1520664980258809
2,0.5184752089031834,-0.346097363998658,1.4083308060773494
